{
  "routelinks": {
    "keyskills": "#Key Skills",
    "experience": "#Experience",
    "education": "#Education",
    "portfolio": "#Portfolio"
  },
  "personal": {
    "title": "Personal Info",
    "name": "Dmitriy",
    "surname": "Shreyder",
    "profession": "IT Projekt Manager/Web-Developer",
    "personaldata": [
      { "title": "Visa (Austria)", "text": "Permanent residence" },
      { "title": "Address", "text": "Leonding (Linz), zip: 4060" },
      { "title": "Insurance ID", "text": "5474/020188" }
    ],
    "birthday": "Birthday",
    "birthday_date": "01.02.1988",
    "full_year_text": "years old",
    "telegram": "@DShreyder",
    "whatsApp": "+436504200204",
    "email": "schreyders@gmail.com",
    "mobile_phone": "+43 (0) 650-4200-204",
    "social": "Social:",
    "social_media": ["instagram", "facebook"],
    "hobby_title": "Hobby:",
    "hobby": ["fitness", "hicking", "languages"],
    "pitch_title": "Cover letter",
    "pitch_text": "What determines a good specialist: skills, proficiency, experience or academic degree? In the fast-paced environment as IT, I would bet on someone who loves what he does and learns constantly. And I am just such a person. I became a good professional in what I do not because I passed the exams, but because I like it. It has begun as a hobby and now I am an excellent project manager and an outstanding SEO expert. Therefore, my websites get on the first page of the Google."
  },
  "skilllist": {
    "title": "Key Skills",
    "skills": [
      {
        "title": "Project Management & Web Developement",
        "open": true,
        "skills": [
          "PM Methodology: Agile - Scrum/KANBAN",
          "PM Software: Trello, Monday.com, Jira, Google Sheets",
          "HTML 5, CSS 3",
          "SASS, Flex-Box, Grid, Mobile-First, UX/UI",
          "JavaScript - advanced",
          "VueJS-2 & VueJS-3 - intermediate",
          "FireBase: FireStore Database",
          "OOP - Object-oriented programming",
          "PHP - fundamentals",
          "SAP - development",
          "SQL - advanced",
          "VBA - Excel Macros Development",
          "PIM - Content Management Automation (180.000 Products)",
          "Google: Sheets, Docs, Slides, Drive",
          "Microsoft: Excel, Word, SharePoint"
        ]
      },
      {
        "title": "SEO",
        "open": false,
        "skills": [
          "Google Tag Manager",
          "Google Webmaster Tools/Analytics/Search Console/Trends/AdWords",
          "Google Optimize (A/B Testing)",
          "Yandex Webmeister Tools/Analytic Tools (Metrika, Webvisor)",
          "MOZ, SEOPtimer, SEOquake"
        ]
      },
      {
        "title": "CMS",
        "open": false,
        "skills": ["OpenCart", "Magento", "Wordpress", "Contao"]
      },
      {
        "title": "SMM",
        "open": false,
        "skills": ["Managing Tools", "Analytic Tools", "Automation Tools"]
      },
      {
        "title": "Additionally",
        "open": false,
        "skills": [
          "Photoshop, XD",
          "Design: UX/UI Design",
          "Marketing Strategy Planning",
          "Email Marketing + Mailchimp"
        ]
      }
    ],
    "lang": {
      "title": "Languages",
      "skills": {
        "en": {
          "title": "English",
          "code": "En",
          "level": "English (B2 - IELTS)"
        },
        "ru": {
          "title": "Russian",
          "code": "Ru",
          "level": "Russian (native speaker)"
        },
        "de": {
          "title": "German",
          "code": "De",
          "level": "German (C1)"
        }
      }
    }
  },
  "experience": {
    "title": "Curriculum Vitae",
    "txt1": "Areas of responsibility:",
    "jobs": [
      { "id": 14,
        "from": "2022 March",
        "to": "up-to-date",
        "title": "Web Developer",
        "company": "Atikon",
        "location": "Linz, Austria",
        "description": "Web Developer and Web Designer",
        "aor": [
          { "title":"Design & Development of Websites",
            "list": [
              "SASS, CSS",
              "DTML/HTML",
              "JavaScript"
            ]
          }
        ]
      },
      {
        "id": 13,
        "from": "2020 March",
        "to": "2021 August",
        "title": "SAP Developer",
        "company": "Axians",
        "location": "Linz, Austria",
        "description": "SAP Developer in HR SAP-Modul.",
        "aor": [
          {
            "title": "Automation of operational processes via SAP",
            "list": [
              "Data processing: SAP",
              "Automation of operation processes: Uploading/downloading of data",
              "Automation of data processing processes (Background Script)"
            ]
          }
        ]
      },
      {
        "id": 12,
        "from": "2019 June",
        "to": "2020 February",
        "title": "Development of B2B-platform & Data Proccessing",
        "company": "Swarovski",
        "location": "Wattens, Austria",
        "description": "Design-Prototypes-Database development, Data Proccessing.",
        "aor": [
          {
            "title": "VBA Scripts development for:",
            "list": [
              "SAP-Excel Integration",
              "Automation of data processing within Excel",
              "VBA custom Functions",
              "Outlook e-mail traffic automation"
            ]
          },
          {
            "title": "Application and testing of the integration tools for SAP and Excel from third-party providers, such as \"Process Runner\" from the international company \"Innowera\"",
            "list": []
          },
          {
            "title": "Supplier requests: e-mail and phone",
            "list": []
          },
          {
            "title": "SAP MM – data Review and correction (manually)",
            "list": []
          }
        ]
      },
      {
        "id": 11,
        "from": "2019 October",
        "to": "2020 March",
        "title": "Product Owner",
        "company": "PROPSTER - Sonderwunsch Meister GmbH",
        "link": "https://propster.tech/en/",
        "location": "Vienna, Austria",
        "description": "IT Project Manager in the startup. The projects aims to develop online platform to optimise the managing of property developments to boost revenues, digitize processes and improve the interaction with your buyers, investors and landlords.",
        "aor": [
          {
            "title": "Project Management",
            "list": [
              "Backlog Management (Jira)",
              "User-Stories Discovery and documentation of the new features of the Platfom",
              "Sprints Planning (Agile: Scrum/Kanban)",
              "Ongoing support of the platform - Product Database Management (Bulk Import/Export), QA-Testing"
            ]
          }
        ]
      },
      {
        "id": 10,
        "from": "2019 January",
        "to": "2019 June",
        "title": "IT Freelance",
        "company": "different companies",
        "link": "",
        "location": "Online",
        "description": "",
        "aor": [
          {
            "title": "Web Development",
            "list": []
          },
          {
            "title": "SEO Consultation",
            "list": []
          }
        ]
      },
      {
        "id": 9,
        "from": "2017 January",
        "to": "2018 May",
        "title": "IT Project Manager/SEO",
        "company": "Rupertus Pharmacy",
        "link": "",
        "location": "Tirol, Austria",
        "description": "Support an existing online Shop and develop a new one with more than 180.000 products.",
        "aor": [
          {
            "title": "Project Management of the new online shop.",
            "list": [
              "Web Developing of online pharmacy shop with over 180.000 products (www.yetipharm.com): from Technical Task to Development, Products/Content initial filling, Testing and Design!",
              "Online Marketing/SEO: microdata, schema.org, speed improvements...",
              "Google Analytics",
              "Google Webmaster",
              "Mobile Web Design Optimization",
              "Social Marketing: Strategie Planning",
              "Analysis of the competitors",
              "E-Mail Marketing: Design, Layout coding, Analytics",
              "Content Management: 180.000 Products"
            ]
          }
        ]
      },
      {
        "id": 8,
        "from": "2016 July",
        "to": "2016 December",
        "title": "Merchandiser",
        "company": "BMS GmbH",
        "link": "",
        "location": "Graz, Austria",
        "description": "Merchandising in 12 Libro Branches in Styria (State of Austria)",
        "aor": [
          {
            "title": "",
            "list": []
          }
        ]
      },
      {
        "id": 7,
        "from": "2016 February",
        "to": "2016 April",
        "title": "Online Shop Manager/SEO Expert",
        "company": "GVS Austria e.U.",
        "link": "",
        "location": "Vienna, Austria",
        "description": "Online Shop Manager/SEO. Development of an online platform. Search Engine Optimization. Backlog Management and Communication with the development team.",
        "aor": [
          {
            "title": "Online Shop Manager",
            "list": [
              "Design updates",
              "Content Management",
              "Trends recognition",
              "SEO",
              "Website and online shop analytics: traffic, trends,  market requirements, competitor analysis.",
              "Google Adwords"
            ]
          }
        ]
      },
      {
        "id": 6,
        "from": "2014 June",
        "to": "2016 June",
        "title": "CEO and Owner of Lux-Exchange.com",
        "company": "Lux Exchange e.U.",
        "link": "",
        "location": "Graz, Austria",
        "description": "Lux-Exchange.com - was an ambitious startup. Our goal was to gather together the most expensive and extraordinary products and services on one online platform. As an owner I was responsible for development of the online shop, communication with partners and others.",
        "aor": [
          {
            "title": "Project Management",
            "list": [
              "Marketing/Online Marketing",
              "Web Design",
              "Team coordination (remotely): programmer and designer",
              "Negotiations with the partners (manufacturers)",
              "Analysis of the competitors",
              "Marketing Strategy Planning",
              "SEO",
              "Copywriting in 3 languages: English, German, Russian",
              "Translation (German, English and Russian)"
            ]
          }
        ]
      },
      {
        "id": 5,
        "from": "2013 December",
        "to": "2014 May",
        "title": "Independent web search engine consultant",
        "company": "Appen Butler-Hill",
        "link": "https://appen.com/",
        "location": "Remotely, USA",
        "description": "Monitoring and Evaluation of Web Content... (NDA).",
        "aor": [
          {
            "title": "",
            "list": []
          }
        ]
      },
      {
        "id": 4,
        "from": "2013 June",
        "to": "2013 November",
        "title": "Director's Assistant",
        "company": "ITV GmbH",
        "link": "",
        "location": "Graz, Austria",
        "description": "Basic assistance in daily sale's routine.",
        "aor": [
          {
            "title": "Sales Supporter",
            "list": [
              "Negotiations with the customers",
              "Offer calculations",
              "Initial accounting"
            ]
          }
        ]
      },
      {
        "id": 3,
        "from": "2013 February",
        "to": "2013 March",
        "title": "Mystery Buyer",
        "company": "Bare International",
        "link": "www.bareinternational.com",
        "location": "Graz, Austria",
        "description": "Visit various shops, cafes and restaurants to check if the advisors are doing their job properly - as the rules say. During work I have reached the 9 professional level (9 out of 10). Kafes and restaurants in order to check the whether the consultants do their job properly - as it says in regulations. Doing the job I have reached 9-th professional level (9 of 10).",
        "aor": [
          {
            "title": "",
            "list": []
          }
        ]
      },
      {
        "id": 2,
        "from": "2008 September",
        "to": "2012 September",
        "title": "Trader",
        "company": "Alor Broker",
        "link": "www.alorbroker.ru",
        "location": "Perm, Russia",
        "description": "We have developed new arbitrage strategies on Russian shares market and traded according to the strategies.",
        "aor": [
          {
            "title": "",
            "list": []
          }
        ]
      },
      {
        "id": 1,
        "from": "2008 March",
        "to": "2008 September",
        "title": "Waiter",
        "company": "Amaks Hotels",
        "link": "www.amaks-hotels.ru",
        "location": "Perm, Russia",
        "description": "As a student in Russia, I have been working in a restaurant.",
        "aor": [
          {
            "title": "",
            "list": []
          }
        ]
      }
    ]
  },
  "education": {
    "title": "Education:",
    "txt1": "Course overview",
    "courses": [
      {
        "id": 5,
        "title": "Web-Developer",
        "desctiption": "Web-Developer: HTML/CSS/JavaScript/PHP",
        "organisation": "Geekbrains",
        "link": "https://gb.ru/",
        "location": "online",
        "from": "2018",
        "to": "2018",
        "topics": [
          {
            "title": "HTML",
            "list": ["HTML/CSS", "HTML5/CSS3"]
          },
          {
            "title": "JavaScript",
            "list": ["JavaScript level 1", "JavaScript level 2"]
          },
          {
            "title": "PHP",
            "list": ["PHP level 1", "PHP level 2"]
          },
          {
            "title": "Database Basics",
            "list": []
          }
        ]
      },
      {
        "id": 4,
        "title": "Online Marketing",
        "desctiption": "WEB- und Social Media-Marketing Management",
        "organisation": "WiFi Steiermark",
        "link": "https://www.stmk.wifi.at/kurs/31950x-web-und-social-media-marketing-management",
        "location": "Graz, Austria",
        "from": "2016",
        "to": "2016",
        "topics": [
          {
            "title": "SEM",
            "list": [
              "SEO: On-Page, Off-Page optimisation, Linkbuilding, Microdata...",
              "SEA: Google Adwords"
            ]
          }
        ]
      },
      {
        "id": 3,
        "title": "Associate's degree in Business Administration",
        "desctiption": "Several courses on the Business Administration faculty. The study has been interrupted after 3 years of education, because I have decided to change my career path and go study IT.",
        "organisation": "Karl-Franzens University",
        "link": "",
        "location": "Graz, Austria",
        "from": "2012",
        "to": "2015",
        "topics": [
          {
            "title": "",
            "list": []
          }
        ]
      },
      {
        "id": 2,
        "title": "German courses",
        "desctiption": "German courses at Vorstudienlehrgang (School at the University)",
        "organisation": "School by the Karl-Franzens University",
        "link": "https://www.stmk.wifi.at/kurs/31950x-web-und-social-media-marketing-management",
        "location": "Graz, Austria",
        "from": "2010",
        "to": "2012",
        "topics": [
          {
            "title": "German",
            "list": ["A1", "A2", "B1", "B2/C1"]
          }
        ]
      },
      {
        "id": 1,
        "title": "Economics",
        "desctiption": "Associate's degree in Business Administration and Master of Economics",
        "organisation": "Finished 6 semesters with certificate. Then I moved to Austria, where I continued the study.",
        "link": "https://www.stmk.wifi.at/kurs/31950x-web-und-social-media-marketing-management",
        "location": "Perm, Russia",
        "from": "2005",
        "to": "2009",
        "topics": [
          {
            "title": "",
            "list": []
          }
        ]
      }
    ]
  },
  "portfolio": {
    "title": "Portfolio",
    "projects": [
      {
        "id": 4,
        "title": "JavaScript",
        "list": [
          {
            "description": "Snake (browser game)",
            "link": "https://i2tpm.csb.app/"
          },
          {
            "description": "Battleship (browser game)",
            "link": "https://mh1rb.csb.app/"
          },
          {
            "description": "TicTacToe (browser game)",
            "link": "https://rugre.csb.app/"
          },
          {
            "description": "Chess Table",
            "link": "https://r67gg.csb.app/"
          }
        ]
      },
      {
        "id": 3,
        "title": "VueJS2/3",
        "list": [
          {
            "description": "VueJS-2: Simple Table Overview",
            "link": "https://kv9hg.csb.app/"
          },
          {
            "description": "VueJS-3: ReactionTimer - webNinja",
            "link": "https://osmnmz.csb.app/"
          },
          {
            "description": "VueJS-3: Online CV",
            "link": "/#"
          }
        ]
      },
      {
        "id": 2,
        "title": "HTML5/CSS3",
        "list": [
          {
            "description": "HTML5/CSS3 - responsive design",
            "link": "http://cv.lux-exchange.com/portfolio/waxom_landingpage/"
          }
        ]
      },
      {
        "id": 1,
        "title": "OpenCart (online shop CMS)",
        "list": [
          {
            "description": "BlogStore.io - platform for bloggers and vloggers",
            "link": "https://www.blogstore.io/"
          },
          {
            "description": "Lux Exchange - online shop for the millionairs",
            "link": "http://lux-exchange.com/"
          },
          {
            "description": "Online Pharmacy Shop (180.000 Products)",
            "link": "#"
          }
        ]
      }
    ]
  }
}
